index	name	relative_offset	rom_offset	size
0	scene50.cam	0x000000	0x00CD28	0x3C4
1	overlay5.pal	0x0003C4	0x00D0EC	0x200
2	overlay5.img	0x0005C4	0x00D2EC	0x4000
3	scene51.cam	0x0045C4	0x0112EC	0x3C4
4	scene50.v	0x004988	0x0116B0	0x904
5	scene42.cam	0x00528C	0x011FB4	0x3C4
6	tunnel1fade.img	0x005650	0x012378	0x4B00
7	scene51.v	0x00A150	0x016E78	0x404
8	scene50.f	0x00A554	0x01727C	0x244
9	scene51.f	0x00A798	0x0174C0	0x1E4
10	pallokartta.pal	0x00A97C	0x0176A4	0x200
11	pallokartta.img	0x00AB7C	0x0178A4	0x10000
12	palloseinae.pal	0x01AB7C	0x0278A4	0x200
13	palloseinae.img	0x01AD7C	0x027AA4	0x10000
14	scene52.cam	0x02AD7C	0x037AA4	0x3C4
15	overlay3.pal	0x02B140	0x037E68	0x200
16	overlay3.img	0x02B340	0x038068	0x4000
17	overlay4.pal	0x02F340	0x03C068	0x200
18	overlay4.img	0x02F540	0x03C268	0x4000
19	scene52.v	0x033540	0x040268	0x204
20	scene52.f	0x033744	0x04046C	0x94
21	scene53.cam	0x0337D8	0x040500	0x0
22	overlay2.pal	0x0337D8	0x040500	0x200
23	overlay2.img	0x0339D8	0x040700	0x4000
24	scene43.cam	0x0379D8	0x044700	0x3C4
25	scene44.cam	0x037D9C	0x044AC4	0x3C4
26	scene45.cam	0x038160	0x044E88	0x0
27	scene6texture.pal	0x038160	0x044E88	0x200
28	scene60.cam	0x038360	0x045088	0x3C4
29	scene61.cam	0x038724	0x04544C	0x0
30	ring.v	0x038724	0x04544C	0x724
31	ring.f	0x038E48	0x045B70	0x280
32	scene60.v	0x0390C8	0x045DF0	0x44
33	scene60.f	0x03910C	0x045E34	0x10
34	tausta2.pal	0x03911C	0x045E44	0x200
35	tausta2.img	0x03931C	0x046044	0x9600
36	tausta2.tab	0x04291C	0x04F644	0x2000
37	tausta3.pal	0x04491C	0x051644	0x200
38	tausta3.img	0x044B1C	0x051844	0x9600
39	scene6texture.img	0x04E11C	0x05AE44	0x10000
40	scene1.cam	0x05E11C	0x06AE44	0x3C4
41	overlay6.pal	0x05E4E0	0x06B208	0x200
42	overlay6.img	0x05E6E0	0x06B408	0x4000
43	scene1texture.pal	0x0626E0	0x06F408	0x200
44	scene1texture.img	0x0628E0	0x06F608	0x10000
45	tunnel1texture.pal	0x0728E0	0x07F608	0x200
46	overlay7.pal	0x072AE0	0x07F808	0x200
47	overlay7.img	0x072CE0	0x07FA08	0x4000
48	scene70.cam	0x076CE0	0x083A08	0x3C4
49	scene71.cam	0x0770A4	0x083DCC	0x0
50	scene70.v	0x0770A4	0x083DCC	0x924
51	scene70.f	0x0779C8	0x0846F0	0x34C
52	tausta4.pal	0x077D14	0x084A3C	0x200
53	tausta4.img	0x077F14	0x084C3C	0x9600
54	intro.pal	0x081514	0x08E23C	0x200
55	intro.img	0x081714	0x08E43C	0x9600
56	scene80.cam	0x08AD14	0x097A3C	0x3C4
57	ring0.v	0x08B0D8	0x097E00	0x2E4
58	ring1.v	0x08B3BC	0x0980E4	0x444
59	ring0.f	0x08B800	0x098528	0xA0
60	ring1.f	0x08B8A0	0x0985C8	0x1E4
61	scene10.v	0x08BA84	0x0987AC	0x19E4
62	scene11.v	0x08D468	0x09A190	0x144
63	scene81.cam	0x08D5AC	0x09A2D4	0x3C4
64	scene80.v	0x08D970	0x09A698	0x1084
65	scene10.f	0x08E9F4	0x09B71C	0x46C
66	scene11.f	0x08EE60	0x09BB88	0x7C
67	scene90.cam	0x08EEDC	0x09BC04	0x3C4
68	scene91.cam	0x08F2A0	0x09BFC8	0x3C4
69	scene8texture.pal	0x08F664	0x09C38C	0x200
70	scene8texture.img	0x08F864	0x09C58C	0x10000
71	scene8texture.tab	0x09F864	0x0AC58C	0x2000
72	scene80.f	0x0A1864	0x0AE58C	0x358
73	scene90.v	0x0A1BBC	0x0AE8E4	0x2094
74	scene90.f	0x0A3C50	0x0B0978	0x610
75	scene81.v	0x0A4260	0x0B0F88	0xC4
76	scene81.f	0x0A4324	0x0B104C	0x28
77	scene82.v	0x0A434C	0x0B1074	0x144
78	scene82.f	0x0A4490	0x0B11B8	0x94
79	scene9texture.pal	0x0A4524	0x0B124C	0x200
80	scene9texture.img	0x0A4724	0x0B144C	0x10000
81	scene82.cam	0x0B4724	0x0C144C	0x3C4
82	scene83.cam	0x0B4AE8	0x0C1810	0x3C4
83	scene84.cam	0x0B4EAC	0x0C1BD4	0x3C4
84	scene85.cam	0x0B5270	0x0C1F98	0x3C4
85	scene86.cam	0x0B5634	0x0C235C	0x3C4
86	scene87.cam	0x0B59F8	0x0C2720	0x0
87	tausta5.pal	0x0B59F8	0x0C2720	0x200
88	tausta5.img	0x0B5BF8	0x0C2920	0x9600
89	tausta6.pal	0x0BF1F8	0x0CBF20	0x200
90	tausta6.img	0x0BF3F8	0x0CC120	0x9600
91	scene92.cam	0x0C89F8	0x0D5720	0x0
92	scene100.v	0x0C89F8	0x0D5720	0x1FF4
93	scene100.f	0x0CA9EC	0x0D7714	0x610
94	scene100.cam	0x0CAFFC	0x0D7D24	0x3C4
95	scene101.cam	0x0CB3C0	0x0D80E8	0x0
96	scene10texture.pal	0x0CB3C0	0x0D80E8	0x200
97	scene10texture.img	0x0CB5C0	0x0D82E8	0x10000
98	scene20.v	0x0DB5C0	0x0E82E8	0x1A44
99	scene20.f	0x0DD004	0x0E9D2C	0x700
100	variformbasic.img	0x0DD704	0x0EA42C	0x4000
101	scene2texture.pal	0x0E1704	0x0EE42C	0x200
102	scene2texture.img	0x0E1904	0x0EE62C	0x10000
103	tausta7.pal	0x0F1904	0x0FE62C	0x200
104	tausta7.img	0x0F1B04	0x0FE82C	0x9600
105	scene20.cam	0x0FB104	0x107E2C	0x3C4
106	scene21.cam	0x0FB4C8	0x1081F0	0x3C4
107	scene10.cam	0x0FB88C	0x1085B4	0x3C4
108	scene11.cam	0x0FBC50	0x108978	0x3C4
109	scene12.cam	0x0FC014	0x108D3C	0x3C4
110	scene3texture.pal	0x0FC3D8	0x109100	0x200
111	scene3texture.img	0x0FC5D8	0x109300	0x10000
112	scene3texture.tab	0x10C5D8	0x119300	0x2000
113	scene30.v	0x10E5D8	0x11B300	0x324
114	scene30.f	0x10E8FC	0x11B624	0x184
115	scene31.cam	0x10EA80	0x11B7A8	0x3C4
116	scene31.v	0x10EE44	0x11BB6C	0x144
117	scene31.f	0x10EF88	0x11BCB0	0x40
118	scene32.v	0x10EFC8	0x11BCF0	0xE4
119	scene32.f	0x10F0AC	0x11BDD4	0x34
120	scene22.cam	0x10F0E0	0x11BE08	0x0
121	random.pal	0x10F0E0	0x11BE08	0x200
122	random.img	0x10F2E0	0x11C008	0x1000
123	scene30.cam	0x1102E0	0x11D008	0x3C4
124	scene13.cam	0x1106A4	0x11D3CC	0x0
125	overlay1.pal	0x1106A4	0x11D3CC	0x200
126	overlay1.img	0x1108A4	0x11D5CC	0x4000
127	plane0.v	0x1148A4	0x1215CC	0xA24
128	plane0.f	0x1152C8	0x121FF0	0x34C
129	plane0.cam	0x115614	0x12233C	0x3C4
130	plane1.cam	0x1159D8	0x122700	0x0
131	tausta1.pal	0x1159D8	0x122700	0x200
132	tausta1.img	0x115BD8	0x122900	0x9600
133	scene40.cam	0x11F1D8	0x12BF00	0x3C4
134	scene41.cam	0x11F59C	0x12C2C4	0x3C4
135	scene4texture.pal	0x11F960	0x12C688	0x200
136	scene4texture.img	0x11FB60	0x12C888	0x10000
137	scene40.v	0x12FB60	0x13C888	0x1AA4
138	scene40.f	0x131604	0x13E32C	0x3D0
139	scene32.cam	0x1319D4	0x13E6FC	0x0
140	env.pal	0x1319D4	0x13E6FC	0x200
141	env.img	0x131BD4	0x13E8FC	0x10000
142	palikka0.v	0x141BD4	0x14E8FC	0x9E4
143	palikka0.f	0x1425B8	0x14F2E0	0x5A4
144	tunnel1u.img	0x142B5C	0x14F884	0x10000
145	tunnel1v.img	0x152B5C	0x15F884	0x10000
146	tunnel1texture.img	0x162B5C	0x16F884	0x10004

entry_count=147
data_base=0x00CD28
directory=0x17F888
directory_length=0x967
directory_end=0x1801EF
